,Name,height,weight,bmi
0,SBO,39,5,0.003287310979618672
1,CEBO,52,6,0.0022189349112426036
2,LULU,80,9,0.00140625
